Workbook

Sheet Uitleg
A1: Scrumboard DS2a (designsprint 2, eerste helft): voorbereiding Jira
A2: EVEN NOTITIE: aangezien we in onze sprint EN een keuze willen maken voor concept EN een prototype willen maken referreer ik naar "DS2A" als "DeelSprint 2 A" als in de eerste helft van de sprint.
A3: oh en DS2B als deelsprint 2 B (tweede helft)
A5: Tabbladen
A6: Backlog: alle epics, tickets en sub-tasks (voor de import)
A7: Overzicht: story points + uren per epic, plus de capaciteitscheck voor eerstge heflt van de sprint
A8: Labels: alle labels + waarvoor ze zijn.
A10: Wat moet je invullen?
A11: Gele cellen: de capaciteits-aannames op Overzicht.
A12: Telt mee: op Nee zetten voor werk dat we schrappen of naar de tweeede helft van sprint 2 schuiven; dan klopt het totaal weer.
A13: Schattingen, prioriteit en due dates = voorstellen! Samen aanpassen in de sprintplanning.
A15: Kolommen voor de Jira-import
... A22: Voorbeeld van een ingevulde rij (task)
A23: Ref | B23: Issue Id | C23: Parent Id | D23: Issue Type | E23: Summary | F23: Sprint | G23: Original Estimate (uren) | H23: Priority | I23: Due Date | J23: Assignee | K23: Telt mee
A24: S2-08.2 | B24: (automatisch) | C24: (Issue Id van S2-08) | D24: Task | E24: Interviewguide | F24: DS2a | G24: 2 | H24: Highest | I24: 08-10-2026 | J24: Maryam | K24: Ja
A26: Label "thema-..." op elk ticket = het oude epic-thema (bv. thema-sprint1-afronden). Gebruikt in Overzicht i.p.v. het Epic-veld, voor de capaciteits-rollup per thema, nu Epic weer leeg/anders gebruikt wordt.

Sheet Backlog
A1: Ref | B1: Issue Id | C1: Parent Id | D1: Issue Type | E1: Summary | F1: Description | G1: Epic | H1: Sprint | I1: Story Points | J1: Original Estimate (uren) | K1: Priority | L1: Labels | M1: Due Date | N1: Assignee | O1: Status | P1: Telt mee | Q1: Notitie
A2: S2-01 | B2: 11 | D2: Epic | E2: Onderzoeksplan v1.0 afmaken + inleveren | F2: Waarom: het onderzoeksplan is de basis van alles deze sprint, en de go/no-go van de docent hangt ervan af. Deelvragen, analyse-aanpak, kwaliteitscriteria en risico's zijn al gedaan in v0.6 (2-10); wat overblijft: de open opmerkingen in de andere hoofdstukken, de feedback van stakeholderbijeenkomst 1, en inleveren. Let op: volgens het lesoverzicht sluit het inleveren van de definitieve versie in week 44 (nog navragen bij de docent of dat klopt!). Wij mikken op af vóór de herfstvakantie. Acceptatiecriteria: alle open opmerkingen afgehandeld of bewust geparkeerd; feedback van 1 okt in het feedbacklog met reactie; hoofdvraag compleet; literatuurlijst gevuld; Word-versie = markdown; versie 1.0 ingeleverd. | G2: Onderzoeksplan v1.0 afmaken + inleveren | H2: 2 | I2: 5 | K2: Highest | L2: documentatie op1 op2 op3 thema-sprint1-afronden | M2: 46311 | O2: To Do | P2: Ja
A3: S2-01.1 | B3: 12 | C3: 11 | D3: Task | E3: Feedback feedbacksessie (17-9) + stakeholderbijeenkomst 1 (1-10) in feedbacklog zetten, per punt een reactie | F3: Wat: alle feedback van de feedbacksessie (17-9) en stakeholderbijeenkomst 1 (1-10) in het feedbacklog, per punt: overgenomen / aangepast / geparkeerd + reden. Waarom: feedback telt alleen als zichtbaar is wat we ermee deden (PR4); de notulen van allebei staan nu in de map 28-9 tot 4-10. | G3: Onderzoeksplan v1.0 afmaken + inleveren | H3: 2 | J3: 1.5 | K3: Highest | L3: thema-sprint1-afronden | M3: 46311 | O3: To Do | P3: Ja
A4: S2-01.2 | B4: 13 | C4: 11 | D4: Task | E4: Hoofdvraag afmaken + afstemmen op doelstelling en aantal contactmomenten | F4: Hoofdvraag afmaken en vaststellen; ook checken of hij past bij de doelstelling en de contactmomenten. Waarom: zonder complete hoofdvraag is het plan niet af (OP1). | G4: Onderzoeksplan v1.0 afmaken + inleveren | H4: 2 | J4: 1 | K4: Highest | L4: thema-sprint1-afronden | M4: 46311 | O4: To Do | P4: Ja
A5: S2-01.3 | B5: 14 | C5: 11 | D5: Task | E5: Bronvermelding notulen 23-9 en citaten opdrachtgever in de inleiding | F5: Wat: bij de aanleiding de notulen van 23-9 als bron noemen, ook voor de citaten ("slecht en bagger", "waardeloos") en de Infra-instroom. Waarom: zo is zichtbaar dat we ons baseren op oriënterend onderzoek in het veld (OP1 voldoende). | G5: Onderzoeksplan v1.0 afmaken + inleveren | H5: 2 | J5: 1 | K5: Highest | L5: thema-sprint1-afronden | M5: 46311 | O5: To Do | P5: Ja
A6: S2-01.4 | B6: 15 | C6: 11 | D6: Task | E6: Theoretisch kader uitschrijven | F6: Wat: het theoretisch kader uitschrijven: de begrippen die we gebruiken (bv. doelgroepsegmentatie, co-creatie, AI/ML) met definitie + bron. Waarom: Ik heerinner dat Karlijn er iets over gezegd had, ik weet de details niet meer, dus verbeter deze ticket graag; | G6: Onderzoeksplan v1.0 afmaken + inleveren | H6: 2 | J6: 2 | K6: Highest | L6: thema-sprint1-afronden | M6: 46311 | O6: To Do | P6: Ja
A7: S2-01.5 | B7: 16 | C7: 11 | D7: Task | E7: "3 momenten" in de aanleiding afhandelen | F7: Wat: Bart vroeg of de zin over "3 momenten" moet blijven; samen beslissen (het zijn er eigenlijk 4) en aanpassen. Waarom: open opmerking, en de aanleiding moet kloppen met de rest van het plan. | G7: Onderzoeksplan v1.0 afmaken + inleveren | H7: 2 | J7: 0.5 | K7: Highest | L7: thema-sprint1-afronden | M7: 46311 | O7: To Do | P7: Ja
A8: S2-01.6 | B8: 17 | C8: 11 | D8: Task | E8: Literatuurlijst invullen (alle bronnen uit het plan, APA) | F8: Wat: alle gebruikte bronnen (lesmateriaal, notulen, rubrics, deskresearch) in één stijl in de literatuurlijst. Waarom: de lijst is nu nog leeg, en bronnen moeten controleerbaar zijn. | G8: Onderzoeksplan v1.0 afmaken + inleveren | H8: 2 | J8: 1.5 | K8: Highest | L8: thema-sprint1-afronden | M8: 46311 | O8: To Do | P8: Ja
A9: S2-01.7 | B9: 18 | C9: 11 | D9: Task | E9: Deelvragen toetsen | F9: Wat: de verbeterede deelvragen toetsen voor bruikbaarheid. Waarom: Zonder deelvragen kunnen we de hoofdvraag niet goed beantwoorden | G9: Onderzoeksplan v1.0 afmaken + inleveren | H9: 2 | J9: 1 | K9: Highest | L9: thema-sprint1-afronden | M9: 46311 | O9: To Do | P9: Ja
A10: S2-01.8 | B10: 19 | C10: 11 | D10: Task | E10: Laatste check tegen de rubric onderzoeksplan (OP1–OP3) door een teamgenoot | F10: Wat: iemand die het niet zelf schreef leest het plan na met de rubric onderzoeksplan ernaast (OP1–OP3). Waarom: een frisse blik vangt wat wij missen, en het is meteen "constructief kritisch op andermans werk" (PR2). | G10: Onderzoeksplan v1.0 afmaken + inleveren | H10: 2 | J10: 1 | K10: Highest | L10: thema-sprint1-afronden | M10: 46311 | O10: To Do | P10: Ja
A11: S2-01.9 | B11: 20 | C11: 11 | D11: Task | E11: Navragen bij docent: wanneer + waar inleveren? | F11: Wat: navragen of de definitieve versie in week 44 ingeleverd moet worden (zo staat het in het lesoverzicht), en waar/hoe. Waarom: de deadline is onduidelijk; liever niet gokken! | G11: Onderzoeksplan v1.0 afmaken + inleveren | H11: 2 | J11: 0.5 | K11: Highest | L11: thema-sprint1-afronden | M11: 46311 | O11: To Do | P11: Ja
A12: S2-01.10 | B12: 21 | C12: 11 | D12: Task | E12: Versiebeheer naar 1.0 + inleveren | F12: Wat: versie 1.0 in het versiebeheer zetten en inleveren. Waarom: afronding van het plan; daarna krijgen alleen grotere updates een nieuw versienummer. | G12: Onderzoeksplan v1.0 afmaken + inleveren | H12: 2 | J12: 0.5 | K12: Highest | L12: thema-sprint1-afronden | M12: 46311 | O12: To Do | P12: Ja
A13: S2-02 | B13: 22 | D13: Epic | E13: Sprintreview & retro designsprint 1 vastleggen | F13: Waarom: het resultaat van een sprint = de herformuleerde focus voor de volgende; moet zichtbaar zijn in de DR (design rationale)! (volgens de kickoff, kan het niet in de rubriek vinden :( ) Acceptatiecriteria: DR-blok sprint 1 met sprintdoel, resultaten, waarde voor het doel, retropunten + focus voor sprint 2. | G13: Sprintreview & retro designsprint 1 vastleggen | H13: 2 | I13: 2 | K13: High | L13: proces pr2 del-designrationale thema-sprint1-afronden | M13: 46301 | O13: To Do | P13: Ja
A14: S2-02.1 | B14: 23 | C14: 22 | D14: Task | E14: Retro (start/stop/continue), hele team | F14: Wat: met het hele team terugkijken op sprint 1: waar starten we mee, stoppen we mee, gaan we mee door? Waarom: teamevaluatie hoort bij elke designsprint, en levert verbeterpunten voor DS2a. | G14: Sprintreview & retro designsprint 1 vastleggen | H14: 2 | J14: 4 | K14: High | L14: thema-sprint1-afronden | M14: 46301 | O14: To Do | P14: Ja
A15: S2-02.2 | B15: 24 | C15: 22 | D15: Task | E15: Sprintreview-blok sprint 1 in de DR schrijven | F15: Wat: in de DR een blok voor sprint 1: sprintdoel, resultaten, waarde voor het doel, focus voor sprint 2. Waarom: de DR bouwen we per sprint op, niet pas achteraf. | G15: Sprintreview & retro designsprint 1 vastleggen | H15: 2 | J15: 1.5 | K15: High | L15: thema-sprint1-afronden | M15: 46301 | O15: To Do | P15: Ja
A16: S2-02.3 | B16: 25 | C16: 22 | D16: Task | E16: Retropunten omzetten naar concrete afspraken/tickets | F16: Wat: elk retropunt wordt een afspraak of een ticket. Waarom: anders blijft het bij praten en verandert er niks. | G16: Sprintreview & retro designsprint 1 vastleggen | H16: 2 | J16: 0.5 | K16: High | L16: thema-sprint1-afronden | M16: 46301 | O16: To Do | P16: Ja
A17: S2-03 | B17: 26 | D17: Epic | E17: Openstaande actiepunten opdrachtgever (23-9) afhandelen | F17: Waarom: staan al sinds 23-9 open (oeps); input voor de concepttoets (instroomcijfers) en de bestaande toepassingen (data-games). | G17: Openstaande actiepunten opdrachtgever (23-9) afhandelen | H17: 2 | I17: 2 | K17: Medium | L17: stakeholder pr3 blocked-extern deelvraag-1 thema-sprint1-afronden | M17: 46304 | O17: To Do | P17: Ja
A18: S2-03.1 | B18: 27 | C18: 26 | D18: Task | E18: Instroomcijfers van Arnoud checken: bruikbaar? Meer nodig? | F18: Wat: Arnoud heeft de instroomcijfers al gestuurd; checken of ze bruikbaar zijn voor de analyse (S2-43) en of we nog iets missen. Zo ja: gericht nog opvragen. Waarom: we willen het probleem met cijfers onderbouwen, maar alleen als de data ook echt antwoord geeft op onze vragen. | G18: Openstaande actiepunten opdrachtgever (23-9) afhandelen | H18: 2 | J18: 0.5 | K18: Medium | L18: thema-sprint1-afronden | M18: 46304 | O18: To Do | P18: Ja
A19: S2-03.2 | B19: 28 | C19: 26 | D19: Task | E19: Curriculum-briefing (Teams, dinsdagmiddag) inplannen met opdrachtgever | F19: Wat: een online sessie plannen (bij voorkeur dinsdagmiddag) waarin de opdrachtgever het 2e jaar Data & AI uitlegt. Waarom: input voor deelvraag 1: wat houdt Data & AI eigenlijk in? | G19: Openstaande actiepunten opdrachtgever (23-9) afhandelen | H19: 2 | J19: 0.5 | K19: Medium | L19: thema-sprint1-afronden | M19: 46304 | O19: To Do | P19: Ja
A20: S2-03.3 | B20: 29 | C20: 26 | D20: Task | E20: Contact Erwin Volmering (Lectoraat iWDT) | F20: Wat: contact zoeken met Erwin Volmering van het lectoraat iWDT. Waarom: actiepunt uit het gesprek van 23-9; mogelijk expert/bron voor onze concepten. | G20: Openstaande actiepunten opdrachtgever (23-9) afhandelen | H20: 2 | J20: 0.5 | K20: Medium | L20: thema-sprint1-afronden | M20: 46304 | O20: To Do | P20: Ja
A21: S2-03.4 | B21: 30 | C21: 26 | D21: Task | E21: Bestaande data-games (Aliander, CMD) opvragen | F21: Wat: vragen naar de bestaande data-games die met Aliander en CMD gemaakt zijn. Waarom: input voor de analyse van bestaande toepassingen (S2-04). | G21: Openstaande actiepunten opdrachtgever (23-9) afhandelen | H21: 2 | J21: 0.5 | K21: Medium | L21: thema-sprint1-afronden | M21: 46304 | O21: To Do | P21: Ja
A22: S2-03.5 | B22: 31 | C22: 26 | D22: Task | E22: Curriculum-briefing bijwonen + notulen | F22: Wat: de curriculum-briefing bijwonen en notuleren. Waarom: geeft antwoord op deelvraag 1 en is meteen een bron. | G22: Openstaande actiepunten opdrachtgever (23-9) afhandelen | H22: 2 | J22: 4 | K22: Medium | L22: thema-sprint1-afronden | M22: 46304 | O22: To Do | P22: Ja
A23: S2-04 | B23: 32 | D23: Epic | E23: Analyse bestaande toepassingen | F23: Waarom: de rubric wil dat het plan start vanuit een analyse van een bestaande toepassing, en die missen we nog! Input voor alle drie de concepten (wat werkt wel/niet bij werving?). Acceptatiecriteria: per toepassing: wat is het, wat werkt/werkt niet, welke vraag levert het ons op; staat in het onderzoeksplan. | G23: Analyse bestaande toepassingen | H23: 2 | I23: 5 | K23: High | L23: onderzoek deelvraag-4 op1 et1-kennis concept-algemeen thema-sprint1-afronden | M23: 46309 | O23: To Do | P23: Ja
A24: S2-04.1 | B24: 33 | C24: 32 | D24: Task | E24: 'Hack je gek' (Infra) bekijken/navragen: opzet, waarom werkte het wel voor de instroom? | F24: Wat: uitzoeken hoe 'Hack je gek' van Infra werkt en waarom het daar wél meer instroom gaf. Waarom: een succesvol bestaand voorbeeld; wat kunnen we ervan leren? | G24: Analyse bestaande toepassingen | H24: 2 | J24: 3 | K24: High | L24: thema-sprint1-afronden | M24: 46309 | O24: To Do | P24: Ja
A25: S2-04.2 | B25: 34 | C25: 32 | D25: Task | E25: Huidige Data & AI-workshop analyseren ("waardeloos" volgens opdrachtgever: maar waarom precies?) | F25: Wat: de huidige Data & AI-workshop bekijken en uitzoeken WAAROM die niet werkt. Waarom: zo maken wij niet dezelfde fouten. | G25: Analyse bestaande toepassingen | H25: 2 | J25: 2 | K25: High | L25: thema-sprint1-afronden | M25: 46309 | O25: To Do | P25: Ja
A26: S2-04.3 | B26: 35 | C26: 32 | D26: Task | E26: Data-games Aliander/CMD + 1–2 externe voorbeelden (deskresearch) (als ie er zijn !!) | F26: Wat: de data-games van Aliander/CMD bekijken + 1–2 voorbeelden van buiten de HAN zoeken. Waarom: breder beeld van wat er al bestaat. | G26: Analyse bestaande toepassingen | H26: 2 | J26: 3 | K26: High | L26: thema-sprint1-afronden | M26: 46309 | O26: To Do | P26: Ja
A27: S2-04.4 | B27: 36 | C27: 32 | D27: Task | E27: Analyse uitschrijven in het onderzoeksplan + sources | F27: Wat: de analyse als paragraaf in het onderzoeksplan zetten, met bronnen. Waarom: de rubric wil dat het plan start vanuit een analyse van bestaande toepassingen. | G27: Analyse bestaande toepassingen | H27: 2 | J27: 2 | K27: High | L27: thema-sprint1-afronden | M27: 46309 | O27: To Do | P27: Ja
A28: S2-04.5 | B28: 121 | C28: 32 | D28: Task | E28: Hoe werven andere hogescholen voor Data & AI? (1–2 voorbeelden) | F28: Wat: 1–2 voorbeelden zoeken van hoe andere hogescholen werven voor Data & AI (of vergelijkbare richtingen). Waarom: vraag uit de feedbacksessie (17-9): zijn de ideeën evidence based, en hoe doen andere opleidingen het? | G28: Analyse bestaande toepassingen | H28: 2 | J28: 2 | K28: High | L28: thema-sprint1-afronden | M28: 46309 | O28: To Do | P28: Ja
A29: S2-52 | B29: 118 | D29: Epic | E29: Selectie 48 ideeën → 3 concepten vastleggen in het beslissingenlog | F29: Waarom: vraag uit de feedbacksessie (17-9): "waarom zijn deze drie de beste, waarom zijn de andere 45 afgevallen?" Die keuze staat nu nergens vastgelegd. Acceptatiecriteria: in het beslissingenlog staat hoe we van 48 naar 3 kwamen (criteria, afgevallen ideeën + waarom), met foto's van de brainstorm/crazy eights. | G29: Selectie 48 ideeën → 3 concepten vastleggen in het beslissingenlog | H29: 2 | I29: 1 | K29: Medium | L29: documentatie op1 pr1 thema-sprint1-afronden | M29: 46304 | O29: To Do | P29: Ja
A30: S2-52.1 | B30: 119 | C30: 118 | D30: Task | E30: Foto's van brainstorm/crazy eights verzamelen | F30: Wat: de foto's van de 48 ideeën (brainstorm, crazy eights) bij elkaar zoeken. Waarom: bewijs van het proces, nodig voor het beslissingenlog en de DR. | G30: Selectie 48 ideeën → 3 concepten vastleggen in het beslissingenlog | H30: 2 | J30: 0.5 | K30: Medium | L30: thema-sprint1-afronden | M30: 46304 | O30: To Do | P30: Ja
A31: S2-52.2 | B31: 120 | C31: 118 | D31: Task | E31: Selectiecriteria reconstrueren + in beslissingenlog zetten | F31: Wat: opschrijven op welke criteria we van 48 naar 3 gingen, en welke ideeën afvielen en waarom. Waarom: zo kunnen we de vraag "waarom deze drie?" onderbouwd beantwoorden. | G31: Selectie 48 ideeën → 3 concepten vastleggen in het beslissingenlog | H31: 2 | J31: 1.5 | K31: Medium | L31: thema-sprint1-afronden | M31: 46304 | O31: To Do | P31: Ja
A32: S2-05 | B32: 37 | D32: Epic | E32: Jira omgeving…uhm..klaar maken? Ik weet niet veel, maar ik zet het er voor de zekerheid bij | F32: Waarom: het board zelf zijn we nu al aan het inrichten; wat nog wel moet is vastleggen wanneer een ticket Ready/Done is, zodat iedereen hetzelfde bedoelt met "klaar" (PR2). De toolkeuze in het beslissingenlog zetten is S2-06. | G32: Jira omgeving…uhm..klaar maken? Ik weet niet veel, maar ik zet het er voor de zekerheid bij | H32: 2 | I32: 1 | K32: Highest | L32: proces pr2 thema-proces-jira | M32: 46301 | O32: To Do | P32: Ja
A33: S2-05.3 | B33: 40 | C33: 37 | D33: Task | E33: DoR/DoD en werkafspraken in projectbeschrijving | F33: Wat: de DoR, DoD en werkafspraken in de projectbeschrijving in Jira zetten. Waarom: zo weet iedereen wanneer iets "klaar" is. | G33: Jira omgeving…uhm..klaar maken? Ik weet niet veel, maar ik zet het er voor de zekerheid bij | H33: 2 | J33: 0.5 | K33: Highest | L33: thema-proces-jira | M33: 46301 | O33: To Do | P33: Ja
A34: S2-06 | B34: 42 | D34: Epic | E34: Toolkeuze Jira vastleggen in het beslissingenlog | F34: Waarom: de onderbouwing staat al in Tools-Vergelijking-DTI.md (sectie "Beslissing": Jira + Confluence, 63/90, iedereen heeft er ervaring mee); moet alleen nog als beslissing in het beslissingenlog, met datum + wie besloten heeft. | G34: Toolkeuze Jira vastleggen in het beslissingenlog | H34: 2 | I34: 1 | K34: Medium | L34: proces documentatie pr2 thema-proces-jira | M34: 46304 | O34: To Do | P34: Ja
A35: S2-06.1 | B35: 43 | C35: 42 | D35: Task | E35: Beslissing uit de tools-vergelijking overnemen in het beslissingenlog (+ datum/namen invullen) | F35: Wat: de beslissing uit de tools-vergelijking (Jira + Confluence) in het beslissingenlog zetten, met datum en wie besloten heeft. Waarom: beslissingen tellen alleen als ze vastgelegd zijn, met alternatieven + waarom. | G35: Toolkeuze Jira vastleggen in het beslissingenlog | H35: 2 | J35: 0.5 | K35: Medium | L35: thema-proces-jira | M35: 46304 | O35: To Do | P35: Ja
A36: S2-44 | B36: 49 | D36: Epic | E36: Doelgroep bereiken: testpersonen en toetsmomenten regelen | F36: Waarom: zonder doelgroep kunnen we niks toetsen = grootste risico van de eerste twee weken! Daarom een eigen ticket, zodat je op het board ziet of het geregeld is. Nodig voor de concepttoets (S2-10), de co-creatiesessie (S2-46) en de prototypetest (S2-28). Acceptatiecriteria: overzicht wie / wanneer / waar / hoeveel personen; minimaal één afspraak met eerstejaars en één met scholieren vóór 15 okt. | G36: Doelgroep bereiken: testpersonen en toetsmomenten regelen | H36: 2 | I36: 3 | K36: Highest | L36: onderzoek stakeholder mbo havo-vwo propedeuse blocked-extern pr3 thema-doelgroeponderzoek | M36: 46304 | O36: To Do | P36: Ja
A37: S2-44.1 | B37: 50 | C37: 49 | D37: Task | E37: Excel schoolvoorlichtingen (Teams) doorlopen en aanhaken waar het kan | F37: Wat: in de Excel met schoolvoorlichtingen (Teams) kijken waar we kunnen aanhaken. Waarom: echte scholieren in een echte setting. | G37: Doelgroep bereiken: testpersonen en toetsmomenten regelen | H37: 2 | J37: 1 | K37: Highest | L37: thema-doelgroeponderzoek | M37: 46304 | O37: To Do | P37: Ja
A38: S2-44.2 | B38: 51 | C38: 49 | D38: Task | E38: Eerstejaarsgroep(en) regelen via de opdrachtgever | F38: Wat: via de opdrachtgever een of meer eerstejaarsgroepen regelen. Waarom: eerstejaars zijn makkelijk bereikbaar en ook doelgroep (keuzemoment). | G38: Doelgroep bereiken: testpersonen en toetsmomenten regelen | H38: 2 | J38: 1 | K38: Highest | L38: thema-doelgroeponderzoek | M38: 46304 | O38: To Do | P38: Ja
A39: S2-44.3 | B39: 52 | C39: 49 | D39: Task | E39: Eigen netwerk benaderen (oude school, MBO-contacten, broertjes/zusjes) | F39: Wat: mensen uit ons eigen netwerk benaderen (oude school, MBO-contacten, broertjes/zusjes). Waarom: back-up als de schoolvoorlichtingen niet lukken. | G39: Doelgroep bereiken: testpersonen en toetsmomenten regelen | H39: 2 | J39: 1 | K39: Highest | L39: thema-doelgroeponderzoek | M39: 46304 | O39: To Do | P39: Ja
A40: S2-44.4 | B40: 53 | C40: 49 | D40: Task | E40: Overzicht testpersonen + momenten bijhouden (zonder persoonsgegevens) | F40: Wat: bijhouden wie/wanneer/waar/hoeveel, zonder namen of andere persoonsgegevens. Waarom: overzicht voor het team, en nodig voor de privacy-afspraken. | G40: Doelgroep bereiken: testpersonen en toetsmomenten regelen | H40: 2 | J40: 0.5 | K40: Highest | L40: thema-doelgroeponderzoek | M40: 46304 | O40: To Do | P40: Ja
A41: S2-08 | B41: 54 | D41: Epic | E41: Toetsplan opstellen | F41: Waarom: welk concept het beste werkt weten we nog NIET; wat wij en de opdrachtgever ervan vinden is alleen ons beeld. Eerst checken bij de doelgroep zelf! Acceptatiecriteria: aannamelijst, vragen, methode, doelgroep + aantal deelnemers, analyse-aanpak en planning op papier; hele team heeft het gezien. | G41: Toetsplan opstellen | H41: 2 | I41: 3 | K41: Highest | L41: onderzoek deelvraag-2 deelvraag-3 op2 concept-algemeen thema-doelgroeponderzoek | M41: 46303 | O41: To Do | P41: Ja
A42: S2-08.1 | B42: 55 | C42: 54 | D42: Task | E42: Aannamelijst per concept (trein, AI-huisdier, biometrie): wat denkt de opdrachtgever / wat denken wij / wat moeten we bij de doelgroep toetsen | F42: Wat: per concept opschrijven wat de opdrachtgever denkt, wat wij denken en wat we bij de doelgroep willen checken. Waarom: zo toetsen we aannames i.p.v. alleen meningen te verzamelen. | G42: Toetsplan opstellen | H42: 2 | J42: 2 | K42: Highest | L42: thema-doelgroeponderzoek | M42: 46303 | O42: To Do | P42: Ja
A43: S2-08.2 | B43: 56 | C43: 54 | D43: Task | E43: Interviewguide (begrip van Data & AI vóór/na, reactie op de concepten, zelf iets maken) | F43: Wat: een vaste lijst interviewvragen (begrip van Data & AI vóór/na, reactie op de concepten, zin om zelf iets te maken). Waarom: iedereen stelt dezelfde vragen = betrouwbaarder. | G43: Toetsplan opstellen | H43: 2 | J43: 2 | K43: Highest | L43: thema-doelgroeponderzoek | M43: 46303 | O43: To Do | P43: Ja
A44: S2-08.3 | B44: 57 | C44: 54 | D44: Task | E44: Korte enquête (bv. 5 vragen, ook bruikbaar op open dag) | F44: Wat: een korte enquête (± 5 vragen) die ook op de open dag te gebruiken is. Waarom: snel een breder beeld dan alleen interviews. | G44: Toetsplan opstellen | H44: 2 | J44: 2 | K44: Highest | L44: thema-doelgroeponderzoek | M44: 46303 | O44: To Do | P44: Ja
A45: S2-08.4 | B45: 58 | C45: 54 | D45: Task | E45: Analyse-aanpak vastleggen (labelen + in thema's clusteren, per doelgroep vergelijken) | F45: Wat: vooraf afspreken hoe we de resultaten analyseren (labelen, in thema's clusteren, per doelgroep vergelijken). Waarom: de rubric vraagt een analyse-aanpak, en zo kijken we achteraf niet alleen naar wat we wilden zien. | G45: Toetsplan opstellen | H45: 2 | J45: 1 | K45: Highest | L45: thema-doelgroeponderzoek | M45: 46303 | O45: To Do | P45: Ja
A46: S2-09 | B46: 59 | D46: Epic | E46: Low-fi toetsmateriaal maken voor alle drie de concepten | F46: Waarom: om echt te kunnen kiezen moeten de drie concepten op dezelfde manier getoetst worden (zelfde format, zelfde detail), anders is het geen eerlijke vergelijking. | G46: Low-fi toetsmateriaal maken voor alle drie de concepten | H46: 2 | I46: 3 | K46: High | L46: ontwerp prototype concept-trein concept-aihuisdier concept-biometrie pr1 thema-doelgroeponderzoek | M46: 46307 | O46: To Do | P46: Ja
A47: S2-09.1 | B47: 60 | C47: 59 | D47: Task | E47: Storyboard trein (6–8 frames, zelfde format) | F47: Wat: storyboard van de trein (6–8 frames). Waarom: om het concept eerlijk naast de andere twee te kunnen leggen. | G47: Low-fi toetsmateriaal maken voor alle drie de concepten | H47: 2 | J47: 2 | K47: High | L47: thema-doelgroeponderzoek | M47: 46307 | O47: To Do | P47: Ja
A48: S2-09.2 | B48: 61 | C48: 59 | D48: Task | E48: Storyboard AI-huisdier/decision tree builder (6–8 frames, zelfde format) | F48: Wat: storyboard van het AI-huisdier/de decision tree builder, in hetzelfde format. Waarom: zelfde detail als de andere twee = eerlijke vergelijking. | G48: Low-fi toetsmateriaal maken voor alle drie de concepten | H48: 2 | J48: 2 | K48: High | L48: thema-doelgroeponderzoek | M48: 46307 | O48: To Do | P48: Ja
A49: S2-09.3 | B49: 62 | C49: 59 | D49: Task | E49: Storyboard biometrische data-poster (6–8 frames, zelfde format) | F49: Wat: storyboard van de biometrische data-poster, in hetzelfde format. Waarom: zelfde detail als de andere twee = eerlijke vergelijking. | G49: Low-fi toetsmateriaal maken voor alle drie de concepten | H49: 2 | J49: 2 | K49: High | L49: thema-doelgroeponderzoek | M49: 46307 | O49: To Do | P49: Ja
A50: S2-10 | B50: 64 | D50: Epic | E50: Doelgroeptest 1: concepttoets uitvoeren | F50: Wat: de storyboards van de drie concepten voorleggen aan eerstejaars en scholieren, met interview + enquête. Waarom: dit is de data waarop we kiezen; zonder toets kiezen we op onderbuikgevoel. Acceptatiecriteria: minimaal 2 doelgroepen gesproken (bv. ≥ 5 eerstejaars + ≥ 5 scholieren); toestemming geregeld; ruwe notities/opnames opgeslagen. | G50: Doelgroeptest 1: concepttoets uitvoeren | H50: 2 | I50: 5 | K50: Highest | L50: onderzoek test deelvraag-2 deelvraag-3 mbo havo-vwo propedeuse thema-doelgroeponderzoek | M50: 46310 | O50: To Do | P50: Ja
A51: S2-10.1 | B51: 65 | C51: 64 | D51: Task | E51: Sessies uitvoeren (2 personen per sessie) | F51: Wat: toetssessies houden met de storyboards, interviewguide en enquête; altijd met z'n tweeën (één vraagt, één noteert). Waarom: twee personen = betrouwbaardere notities. | G51: Doelgroeptest 1: concepttoets uitvoeren | H51: 2 | J51: 8 | K51: Highest | L51: thema-doelgroeponderzoek | M51: 46310 | O51: To Do | P51: Ja
A52: S2-10.2 | B52: 66 | C52: 64 | D52: Task | E52: Notities uitwerken + foto's maken (met toestemming) | F52: Wat: notities dezelfde dag uitwerken en foto's maken (met toestemming). Waarom: vers uitwerken = niks vergeten; foto's zijn nodig voor de DR. | G52: Doelgroeptest 1: concepttoets uitvoeren | H52: 2 | J52: 3 | K52: Highest | L52: thema-doelgroeponderzoek | M52: 46310 | O52: To Do | P52: Ja
A53: S2-11 | B53: 67 | D53: Epic | E53: Toetsresultaten analyseren | F53: Waarom: van ruwe notities naar inzichten per doelgroep en per concept; input voor de beslismatrix en het beslismoment. Acceptatiecriteria: gelabelde resultaten, top-inzichten per doelgroep, getoetste vs. niet-getoetste aannames, conclusie per concept. | G53: Toetsresultaten analyseren | H53: 2 | I53: 5 | K53: Highest | L53: onderzoek deelvraag-2 deelvraag-3 op2 op3 thema-doelgroeponderzoek | M53: 46311 | O53: To Do | P53: Ja
A54: S2-11.1 | B54: 68 | C54: 67 | D54: Task | E54: Labelen + in thema's clusteren (samen, op whiteboard/Miro/whatever) | F54: Wat: alle antwoorden labelen en samen in thema's clusteren (whiteboard/Miro). Waarom: zo zien we patronen i.p.v. losse meningen. | G54: Toetsresultaten analyseren | H54: 2 | J54: 4 | K54: Highest | L54: thema-doelgroeponderzoek | M54: 46311 | O54: To Do | P54: Ja
A55: S2-11.2 | B55: 69 | C55: 67 | D55: Task | E55: Vergelijking per doelgroep + aannamelijst bijwerken (getoetst/nog te toetsen) | F55: Wat: per doelgroep vergelijken, en bij elke aanname noteren: getoetst / nog te toetsen. Waarom: laat zien wat we nu ECHT weten. | G55: Toetsresultaten analyseren | H55: 2 | J55: 2 | K55: Highest | L55: thema-doelgroeponderzoek | M55: 46311 | O55: To Do | P55: Ja
A56: S2-11.3 | B56: 70 | C56: 67 | D56: Task | E56: Conclusie uitschrijven voor het beslismoment | F56: Wat: een korte conclusie per concept voor het beslismoment. Waarom: input voor de beslismatrix (S2-13). | G56: Toetsresultaten analyseren | H56: 2 | J56: 1.5 | K56: Highest | L56: thema-doelgroeponderzoek | M56: 46311 | O56: To Do | P56: Ja
A57: S2-11.4 | B57: 127 | C57: 67 | D57: Task | E57: Per concept noteren welke doelgroep het het meest aanspreekt | F57: Wat: per concept bijhouden of het vooral MBO, havo, vwo of propedeuse aanspreekt. Waarom: feedback stakeholders (1-10): de doelgroep is nog niet vastgesteld, en elk concept spreekt misschien een andere groep aan (bv. trein vs. zorgcontext/biometrie). | G57: Toetsresultaten analyseren | H57: 2 | J57: 1 | K57: Highest | L57: thema-doelgroeponderzoek | M57: 46311 | O57: To Do | P57: Ja
A58: S2-12 | B58: 71 | D58: Epic | E58: Persona's / empathy maps bijwerken | F58: Wat: per doelgroep (MBO, HAVO/VWO, propedeuse) een persona of empathy map op basis van wat we in de toets hoorden. Waarom: duidelijk beeld van voor wie we ontwerpen (deelvraag 2), en handig om aan stakeholders te laten zien. | G58: Persona's / empathy maps bijwerken | H58: 2 | I58: 3 | K58: Medium | L58: ontwerp mbo havo-vwo propedeuse et3-communicatie thema-doelgroeponderzoek | M58: 46311 | O58: To Do | P58: Ja
A59: S2-12.1 | B59: 72 | C59: 71 | D59: Task | E59: Per doelgroep een persona of empathy map op basis van de toetsdata | F59: Wat: per doelgroep een persona of empathy map maken op basis van de toetsdata. Waarom: voor wie ontwerpen we eigenlijk? | G59: Persona's / empathy maps bijwerken | H59: 2 | J59: 4 | K59: Medium | L59: thema-doelgroeponderzoek | M59: 46311 | O59: To Do | P59: Ja
A60: S2-12.2 | B60: 73 | C60: 71 | D60: Task | E60: Koppelen aan contactmoment (inspireren/informeren/activeren/committeren) | F60: Wat: per persona aangeven bij welk contactmoment en in welke fase (inspireren/informeren/activeren/committeren) die zit. Waarom: koppeling met deelvraag 3. | G60: Persona's / empathy maps bijwerken | H60: 2 | J60: 1 | K60: Medium | L60: thema-doelgroeponderzoek | M60: 46311 | O60: To Do | P60: Ja
A61: S2-43 | B61: 74 | D61: Epic | E61: Aangeleverde dataset analyseren | F61: Waarom: de dataset van de opdrachtgever (instroomcijfers + keuzes van studenten, via Arnoud) laat zien waar het probleem ECHT zit: hoeveel studenten kiezen Data & AI, uit welke vooropleiding, en hoe zit dat t.o.v. de andere richtingen? Onderbouwt de aanleiding met cijfers i.p.v. alleen het beeld van de opdrachtgever; input voor deelvraag 2. Dataset kan herleidbare gegevens bevatten, dus de afspraken uit het hoofdstuk ethiek gelden hier direct! Acceptatiecriteria: dataset veilig opgeslagen (alleen projectgroep); analyse met 3–5 kernbevindingen; bevindingen in de aanleiding + bij deelvraag 2; afspraak over verwijderen na afloop vastgelegd. | G61: Aangeleverde dataset analyseren | H61: 2 | I61: 5 | K61: High | L61: onderzoek deelvraag-2 ethiek et1-kennis et2-oordeel op1 blocked-extern thema-doelgroeponderzoek | M61: 46311 | O61: To Do | P61: Ja
A62: S2-43.1 | B62: 75 | C62: 74 | D62: Task | E62: Dataset ontvangen + afspraken over opslag en toegang vastleggen | F62: Wat: de dataset ontvangen en afspreken waar hij staat en wie erbij kan (alleen de projectgroep). Waarom: veilig omgaan met data van de opdrachtgever. | G62: Aangeleverde dataset analyseren | H62: 2 | J62: 1 | K62: High | L62: thema-doelgroeponderzoek | M62: 46311 | O62: To Do | P62: Ja
A63: S2-43.2 | B63: 76 | C63: 74 | D63: Task | E63: Check op herleidbare gegevens en waar nodig anonimiseren | F63: Wat: checken of er herleidbare gegevens in zitten, en die waar nodig weghalen. Waarom: privacy (zie het hoofdstuk ethiek). | G63: Aangeleverde dataset analyseren | H63: 2 | J63: 1.5 | K63: High | L63: thema-doelgroeponderzoek | M63: 46311 | O63: To Do | P63: Ja
A64: S2-43.3 | B64: 77 | C64: 74 | D64: Task | E64: Beschrijvende analyse: instroom per richting, vooropleiding en jaar (Excel/Python) | F64: Wat: tellen en vergelijken: instroom per richting, vooropleiding en jaar (Excel/Python). Waarom: laat zien waar het probleem echt zit. | G64: Aangeleverde dataset analyseren | H64: 2 | J64: 4 | K64: High | L64: thema-doelgroeponderzoek | M64: 46311 | O64: To Do | P64: Ja
A65: S2-43.4 | B65: 78 | C65: 74 | D65: Task | E65: Kernbevindingen + grafiek(en) in het onderzoeksplan (aanleiding, deelvraag 2) | F65: Wat: 3–5 kernbevindingen + een grafiek in het onderzoeksplan zetten. Waarom: onderbouwt de aanleiding met cijfers. | G65: Aangeleverde dataset analyseren | H65: 2 | J65: 2 | K65: High | L65: thema-doelgroeponderzoek | M65: 46311 | O65: To Do | P65: Ja
A66: S2-43.5 | B66: 79 | C66: 74 | D66: Task | E66: Afspraak over verwijderen + bevestiging aan aanleverder vastleggen (uitvoeren na het project) | F66: Wat: vastleggen dat we de dataset na het project verwijderen en dat aan de aanleverder bevestigen. Waarom: afspraak uit het onderzoeksplan. | G66: Aangeleverde dataset analyseren | H66: 2 | J66: 0.5 | K66: High | L66: thema-doelgroeponderzoek | M66: 46311 | O66: To Do | P66: Ja
A67: S2-51 | B67: 122 | D67: Epic | E67: Oriëntatiereis + voor/tijdens/na het contactmoment in kaart brengen | F67: Waarom: Elisa (17-9): "breng de oriëntatiereis van de student in beeld; waar en wanneer zijn mensen bezig met oriënteren op een studie?" En de stakeholders (1-10): het "voor en na" de open dag (WhatsApp, nieuwtje, spoiler) staat nog niet concreet in ons stappenplan. Acceptatiecriteria: journey map van de oriëntatie (waar/wanneer/via wie oriënteren scholieren zich) + per contactmoment ideeën voor vóór, tijdens en na. | G67: Oriëntatiereis + voor/tijdens/na het contactmoment in kaart brengen | H67: 2 | I67: 3 | K67: High | L67: onderzoek ontwerp deelvraag-3 mbo havo-vwo propedeuse pr1 thema-doelgroeponderzoek | M67: 46311 | O67: To Do | P67: Ja
A68: S2-51.1 | B68: 123 | C68: 122 | D68: Task | E68: Info over de oriëntatie van studiekiezers opvragen bij de HAN | F68: Wat: bij de HAN (voorlichting/marketing) vragen wat ze al weten over hoe studiekiezers zich oriënteren. Waarom: tip van Elisa, de HAN heeft hier vast al informatie over. | G68: Oriëntatiereis + voor/tijdens/na het contactmoment in kaart brengen | H68: 2 | J68: 1 | K68: High | L68: thema-doelgroeponderzoek | M68: 46311 | O68: To Do | P68: Ja
A69: S2-51.2 | B69: 124 | C69: 122 | D69: Task | E69: Uitzoeken waar/wanneer scholieren zich oriënteren (+ vragen erover in het toetsplan) | F69: Wat: deskresearch (decaan, open dag, studiekeuzesites, social media, ouders etc.) + een paar vragen hierover in de interviewguide/enquête (S2-08). Waarom: een open dag is maar één moment; we moeten weten waar we mensen nog meer kunnen bereiken. | G69: Oriëntatiereis + voor/tijdens/na het contactmoment in kaart brengen | H69: 2 | J69: 2 | K69: High | L69: thema-doelgroeponderzoek | M69: 46311 | O69: To Do | P69: Ja
A70: S2-51.3 | B70: 125 | C70: 122 | D70: Task | E70: Journey map maken: oriëntatie → contactmoment → daarna | F70: Wat: de reis van de studiekiezer in één overzicht zetten. Waarom: maakt zichtbaar waar onze aanpak in past (deelvraag 3). | G70: Oriëntatiereis + voor/tijdens/na het contactmoment in kaart brengen | H70: 2 | J70: 2 | K70: High | L70: thema-doelgroeponderzoek | M70: 46311 | O70: To Do | P70: Ja
A71: S2-51.4 | B71: 126 | C71: 122 | D71: Task | E71: Per concept ideeën voor vóór en na het contactmoment | F71: Wat: per concept bedenken wat er vóór (bv. teaser/nieuwtje/WhatsApp) en ná (bv. iets meenemen, follow-up) gebeurt. Waarom: feedback stakeholders (1-10): dat staat nog niet in ons stappenplan. | G71: Oriëntatiereis + voor/tijdens/na het contactmoment in kaart brengen | H71: 2 | J71: 1.5 | K71: High | L71: thema-doelgroeponderzoek | M71: 46311 | O71: To Do | P71: Ja
A72: S2-13 | B72: 80 | D72: Epic | E72: Beslismatrix concepten | F72: Waarom: met een beslismatrix is achteraf te volgen WAAROM we een concept kozen, en kiezen we niet op gevoel (OP3, beslissingenlog). Criteria (voorstel, uit de feedback van de opdrachtgever): bezoeker maakt/bouwt zelf iets · zelfstandig op te zetten door studenten/docenten · cross-over tussen ICT-richtingen · spreekt brede doelgroep aan (incl. meiden, niet alleen "nerds") · past bij contactmoment(en) · kosten/haalbaarheid · laat meer zien van AI dan alleen LLM's · reactie van de doelgroep (S2-11) · laat zien dat Data & AI ook BOUWEN is · innovatief/baanbrekend, etc. Let op: "spreekt de doelgroep aan" krijgt het ZWAARSTE gewicht, haalbaarheid weegt minder (feedback stakeholders 1-10: "jullie kiezen nu vooral op wat technisch kan"; en Elisa 17-9: nu nog niet denken of het werkt). | G72: Beslismatrix concepten | H72: 2 | I72: 3 | K72: Highest | L72: onderzoek deelvraag-4 concept-algemeen op3 thema-conceptkeuze | M72: 46311 | O72: To Do | P72: Ja
A73: S2-13.1 | B73: 81 | C73: 80 | D73: Task | E73: Criteria + gewichten samen vaststellen | F73: Wat: samen bepalen op welke criteria we de concepten scoren, en hoe zwaar elk criterium weegt. Waarom: de criteria moeten vóór het scoren vastliggen, anders kies je ze (onbewust) bij je favoriet. Doelgroep-aantrekkingskracht weegt het zwaarst (feedback 1-10)! | G73: Beslismatrix concepten | H73: 2 | J73: 2 | K73: Highest | L73: thema-conceptkeuze | M73: 46311 | O73: To Do | P73: Ja
A74: S2-13.2 | B74: 82 | C74: 80 | D74: Task | E74: Scoren (ieder apart, daarna bespreken) | F74: Wat: iedereen scoort eerst alleen, daarna bespreken we de verschillen. Waarom: zo neemt niet één mening het hele team mee. | G74: Beslismatrix concepten | H74: 2 | J74: 2 | K74: Highest | L74: thema-conceptkeuze | M74: 46311 | O74: To Do | P74: Ja
A75: S2-13.3 | B75: 83 | C75: 80 | D75: Task | E75: Matrix + uitleg in het onderzoeksplan | F75: Wat: de matrix + uitleg in het onderzoeksplan zetten. Waarom: de keuze moet te volgen zijn (OP3). | G75: Beslismatrix concepten | H75: 2 | J75: 1 | K75: Highest | L75: thema-conceptkeuze | M75: 46311 | O75: To Do | P75: Ja
A76: S2-14 | B76: 84 | D76: Epic | E76: Concept + doelgroep kiezen + terugkoppeling opdrachtgever | F76: Waarom: feedback stakeholders (1-10): de keuze voor de trein was nog niet getest en de onderbouwing was generiek, en de doelgroep is nog niet vastgesteld. Concept en doelgroep hangen samen, dus we kiezen ze samen. Acceptatiecriteria: besluit in het beslissingenlog (welk concept + welke primaire doelgroep / alternatieven / waarom / op basis van welke data). De keuze steunt op doelgroepdata (S2-10/S2-11), NIET op algemene voordelen zoals "handig op de open dag". Opdrachtgever via Teams op de hoogte. | G76: Concept + doelgroep kiezen + terugkoppeling opdrachtgever | H76: 2 | I76: 3 | K76: Highest | L76: stakeholder concept-algemeen pr1 pr3 thema-conceptkeuze | M76: 46311 | O76: To Do | P76: Ja
A77: S2-14.1 | B77: 85 | C77: 84 | D77: Task | E77: Besluitbespreking team | F77: Wat: met het hele team de keuze maken op basis van de matrix, de toetsresultaten en de quick scan. Waarom: dit is HET beslismoment van DS2a. | G77: Concept + doelgroep kiezen + terugkoppeling opdrachtgever | H77: 2 | J77: 2 | K77: Highest | L77: thema-conceptkeuze | M77: 46311 | O77: To Do | P77: Ja
A78: S2-14.2 | B78: 86 | C78: 84 | D78: Task | E78: Beslissingenlog + korte update naar opdrachtgever | F78: Wat: de keuze in het beslissingenlog (concept / alternatieven / waarom / welke data) + een update naar de opdrachtgever. Waarom: beslissing zichtbaar, en de opdrachtgever weet waar we naartoe gaan. | G78: Concept + doelgroep kiezen + terugkoppeling opdrachtgever | H78: 2 | J78: 1 | K78: Highest | L78: thema-conceptkeuze | M78: 46311 | O78: To Do | P78: Ja
A79: S2-14.3 | B79: 128 | C79: 84 | D79: Task | E79: Primaire doelgroep vastleggen (MBO / havo / vwo / propedeuse) | F79: Wat: op basis van S2-11 vastleggen voor welke doelgroep we het gekozen concept uitwerken. Waarom: zonder vaste doelgroep wordt het ontwerp te breed of juist te smal (feedback 1-10). | G79: Concept + doelgroep kiezen + terugkoppeling opdrachtgever | H79: 2 | J79: 1 | K79: Highest | L79: thema-conceptkeuze | M79: 46311 | O79: To Do | P79: Ja
A80: S2-15 | B80: 87 | D80: Epic | E80: Afstemming met Infra/SD over bestaande opstellingen op open dagen | F80: Waarom: Infra ('Hack je gek') en SD werven ook op de open dagen. Wat staat er al, waar is ruimte, en waar zit overlap met elk van onze concepten? (Feedback opdrachtgever: vooral de trein raakt aan 'Hack je gek'.) Kans: samenwerking/cross-over; risico: overlap/concurrentie om dezelfde bezoekers. Input voor de beslismatrix! | G80: Afstemming met Infra/SD over bestaande opstellingen op open dagen | H80: 2 | I80: 2 | K80: High | L80: stakeholder concept-algemeen open-dag pr3 blocked-extern thema-conceptkeuze | M80: 46310 | O80: To Do | P80: Ja
A81: S2-15.1 | B81: 88 | C81: 87 | D81: Task | E81: Contactpersoon Infra/SD achterhalen + gesprek plannen | F81: Wat: uitzoeken wie bij Infra/SD de open-dag-opstellingen regelt, en een gesprek plannen. Waarom: zij werven op dezelfde dagen als wij. | G81: Afstemming met Infra/SD over bestaande opstellingen op open dagen | H81: 2 | J81: 0.5 | K81: High | L81: thema-conceptkeuze | M81: 46310 | O81: To Do | P81: Ja
A82: S2-15.2 | B82: 89 | C82: 87 | D82: Task | E82: Gesprek voeren (2 personen) + notulen | F82: Wat: het gesprek voeren met z'n tweeën en notuleren. Waarom: weten wat er al staat, en waar ruimte/overlap is. | G82: Afstemming met Infra/SD over bestaande opstellingen op open dagen | H82: 2 | J82: 2 | K82: High | L82: thema-conceptkeuze | M82: 46310 | O82: To Do | P82: Ja
A83: S2-15.3 | B83: 90 | C83: 87 | D83: Task | E83: Conflicterende/gedeelde belangen in de stakeholderanalyse zetten | F83: Wat: gedeelde en conflicterende belangen in de stakeholderanalyse zetten. Waarom: conflicterende belangen zichtbaar maken = PR3 goed. | G83: Afstemming met Infra/SD over bestaande opstellingen op open dagen | H83: 2 | J83: 0.5 | K83: High | L83: thema-conceptkeuze | M83: 46310 | O83: To Do | P83: Ja
A84: S2-45 | B84: 91 | D84: Epic | E84: Co-creatiesessie plannen | F84: Waarom: bij co-creatie ontwerpen we SAMEN met de doelgroep, i.p.v. ze alleen onze ideeën te laten beoordelen. Past bij build-to-design, geeft betere eisen voor deelvraag 4 en laat zien dat we stakeholders actief betrekken (PR3). De sessie zelf is in week 44 (S2-46, DS2b), maar deelnemers moeten vóór de vakantie vastliggen. Staat bij E5 omdat de uitkomst het concept vormgeeft, maar valt in DS2a! Acceptatiecriteria: doel, vorm, deelnemers, datum en materialen liggen vast. | G84: Co-creatiesessie plannen | H84: 2 | I84: 2 | K84: High | L84: ontwerp stakeholder deelvraag-4 propedeuse havo-vwo pr3 thema-concept-uitwerken | M84: 46311 | O84: To Do | P84: Ja
A85: S2-45.1 | B85: 92 | C85: 91 | D85: Task | E85: Doel en vorm bepalen (bv. 45 min met 4–6 eerstejaars/scholieren: samen de 15-minuten-ervaring ontwerpen) | F85: Wat: bepalen wat we willen ophalen en hoe de sessie eruitziet (bv. 45 min, 4–6 deelnemers, samen de 15-minuten-ervaring ontwerpen). Waarom: zonder duidelijk doel levert co-creatie weinig op. | G85: Co-creatiesessie plannen | H85: 2 | J85: 1.5 | K85: High | L85: thema-concept-uitwerken | M85: 46311 | O85: To Do | P85: Ja
A86: S2-45.2 | B86: 93 | C86: 91 | D86: Task | E86: Deelnemers + datum vastleggen (via S2-44) | F86: Wat: deelnemers en datum (week 44) vastleggen, via S2-44. Waarom: vóór de vakantie regelen, anders is het te laat. | G86: Co-creatiesessie plannen | H86: 2 | J86: 1 | K86: High | L86: thema-concept-uitwerken | M86: 46311 | O86: To Do | P86: Ja
A87: S2-45.3 | B87: 94 | C87: 91 | D87: Task | E87: Draaiboek + materialen (storyboard-kaarten, schetsvellen) voorbereiden | F87: Wat: draaiboek + materialen maken (storyboard-kaarten, schetsvellen). Waarom: na de vakantie is er weinig tijd, dus nu al voorbereiden. | G87: Co-creatiesessie plannen | H87: 2 | J87: 2 | K87: High | L87: thema-concept-uitwerken | M87: 46311 | O87: To Do | P87: Ja
A88: S2-21 | B88: 95 | D88: Epic | E88: Technische quick scan per concept | F88: Waarom: haalbaarheid telt mee in de beslismatrix, dus we moeten het voor alle drie weten (niet alleen voor de favoriet). LES Prototypen (do 8 okt) hiervoor gebruiken! | G88: Technische quick scan per concept | H88: 2 | I88: 5 | K88: Highest | L88: onderzoek prototype deelvraag-4 concept-algemeen thema-haalbaarheid-prototype | M88: 46309 | O88: To Do | P88: Ja
A89: S2-21.1 | B89: 96 | C89: 95 | D89: Task | E89: Trein: wat is nodig? (fysiek met Arduino/Raspberry Pi of virtueel in Unity) | F89: Wat: uitzoeken wat er nodig is voor de trein (fysiek met Arduino/Raspberry Pi, of virtueel in Unity). Waarom: haalbaarheid telt mee in de beslismatrix. | G89: Technische quick scan per concept | H89: 2 | J89: 3 | K89: Highest | L89: thema-haalbaarheid-prototype | M89: 46309 | O89: To Do | P89: Ja
A90: S2-21.2 | B90: 97 | C90: 95 | D90: Task | E90: AI-huisdier: wat is nodig? (decision tree tool, virtuele keeper, evt. 3D-print/NFC) | F90: Wat: uitzoeken wat er nodig is voor het AI-huisdier (decision tree tool, virtuele keeper, evt. 3D-print/NFC). Waarom: haalbaarheid telt mee in de beslismatrix. | G90: Technische quick scan per concept | H90: 2 | J90: 3 | K90: Highest | L90: thema-haalbaarheid-prototype | M90: 46309 | O90: To Do | P90: Ja
A91: S2-21.3 | B91: 98 | C91: 95 | D91: Task | E91: Biometrie: wat is nodig? (sensoren hartslag/zuurstof, live dashboard) | F91: Wat: uitzoeken wat er nodig is voor de biometrie (sensoren voor hartslag/zuurstof, live dashboard). Waarom: haalbaarheid telt mee in de beslismatrix. | G91: Technische quick scan per concept | H91: 2 | J91: 3 | K91: Highest | L91: thema-haalbaarheid-prototype | M91: 46309 | O91: To Do | P91: Ja
A92: S2-21.4 | B92: 99 | C92: 95 | D92: Task | E92: Vergelijkingstabel (tijd, kosten, skills in team, opzetten door docent, "wow") | F92: Wat: de drie naast elkaar in een tabel: tijd, kosten, skills in het team, opzetten door een docent, "wow". Waarom: maakt de vergelijking overzichtelijk. | G92: Technische quick scan per concept | H92: 2 | J92: 2 | K92: Highest | L92: thema-haalbaarheid-prototype | M92: 46309 | O92: To Do | P92: Ja
A93: S2-21.5 | B93: 100 | C93: 95 | D93: Task | E93: Expertgesprek FabLab/docent | F93: Wat: de quick scan voorleggen aan iemand van het FabLab of een docent. Waarom: checken of onze inschatting realistisch is. | G93: Technische quick scan per concept | H93: 2 | J93: 1 | K93: Highest | L93: thema-haalbaarheid-prototype | M93: 46309 | O93: To Do | P93: Ja
A94: S2-30 | B94: 101 | D94: Epic | E94: Ethiek & privacy uitwerken in het onderzoeksplan | F94: Waarom: de afspraken over toestemming, opslag en bewaartermijnen staan in het onderzoeksplan nog open, en ethiek is een expliciet beoordelingspunt (ET2). Per concept verschilt het: welke data van (vaak minderjarige) scholieren verzamelen we, en waar blijft die? Biometrie = gezondheidsdata (hartslag, zuurstof) van minderjarigen, ethisch het zwaarst! Telt mee in de beslismatrix. | G94: Ethiek & privacy uitwerken in het onderzoeksplan | H94: 2 | I94: 3 | K94: High | L94: onderzoek ethiek et2-oordeel op2 thema-ethiek-privacy | M94: 46311 | O94: To Do | P94: Ja
A95: S2-30.1 | B95: 102 | C95: 101 | D95: Task | E95: Hoofdstuk ethiek & privacy in het onderzoeksplan aanvullen (toestemming, opslag, bewaartermijn) | F95: Wat: in het hoofdstuk ethiek de open punten invullen: toestemming, opslag, bewaartermijn. Waarom: staat nu nog op "wordt nog vastgesteld". | G95: Ethiek & privacy uitwerken in het onderzoeksplan | H95: 2 | J95: 1.5 | K95: High | L95: thema-ethiek-privacy | M95: 46311 | O95: To Do | P95: Ja
A96: S2-30.2 | B96: 103 | C96: 101 | D96: Task | E96: Ethische afweging per concept uitschrijven (data, minderjarigen, beeldvorming "AI pakt banen af") | F96: Wat: per concept uitschrijven welke data het verzamelt en wat de risico's zijn (minderjarigen, beeldvorming over AI). Waarom: ethiek telt mee in de beslismatrix, en biometrie is het zwaarst. | G96: Ethiek & privacy uitwerken in het onderzoeksplan | H96: 2 | J96: 2 | K96: High | L96: thema-ethiek-privacy | M96: 46311 | O96: To Do | P96: Ja
A97: S2-31 | B97: 104 | D97: Epic | E97: Toestemming voor tests & beeldmateriaal (zo nodig) | F97: Wat: een kort formulier voor deelname + foto/video, en afspraken over herkenbare gezichten. Waarom: we testen met (soms minderjarige) scholieren en willen foto's gebruiken voor de deliverables; zonder toestemming mag dat niet (ET2). | G97: Toestemming voor tests & beeldmateriaal (zo nodig) | H97: 2 | I97: 2 | K97: High | L97: documentatie et2-oordeel beeld thema-ethiek-privacy | M97: 46307 | O97: To Do | P97: Ja
A98: S2-31.1 | B98: 105 | C98: 104 | D98: Task | E98: Kort toestemmingsformulier (deelname + foto/video), check met docent | F98: Wat: een kort formulier voor deelname + foto/video maken en laten checken door de docent. Waarom: nodig vóór de eerste toets! | G98: Toestemming voor tests & beeldmateriaal (zo nodig) | H98: 2 | J98: 1.5 | K98: High | L98: thema-ethiek-privacy | M98: 46307 | O98: To Do | P98: Ja
A99: S2-32 | B99: 107 | D99: Epic | E99: Stakeholderanalyse bijwerken | F99: Waarom: sinds sprint 1 zijn er nieuwe stakeholders bijgekomen (Infra/SD, open-dag-organisatie etc.), en de rubric wil zien dat we belangen + conflicten zichtbaar maken (PR3). Nieuwe/veranderde stakeholders om te checken: Infra ('Hack je gek'), open-dag-organisatie, Arnoud (cijfers), Lectoraat iWDT, eerstejaars als testgroep, FabLab, andere afdelingen (bv. Automatics), etc. | G99: Stakeholderanalyse bijwerken | H99: 2 | I99: 2 | K99: Medium | L99: stakeholder pr3 thema-stakeholders | M99: 46311 | O99: To Do | P99: Ja
A100: S2-32.1 | B100: 108 | C100: 107 | D100: Task | E100: Analyse bijwerken (belang, houding, macht/invloed, conflicten) | F100: Wat: per stakeholder belang, houding, macht/invloed en conflicten bijwerken. Waarom: de analyse is van sprint 1 en klopt niet meer helemaal. | G100: Stakeholderanalyse bijwerken | H100: 2 | J100: 2 | K100: Medium | L100: thema-stakeholders | M100: 46311 | O100: To Do | P100: Ja
...

Sheet Overzicht
A1: Overzicht designsprint 2
A2: Alles wordt berekend uit Backlog; alleen rijen met 'Telt mee' = Ja tellen mee.
A4: Epic | B4: Story Points | C4: Uren (sub-tasks)
A5: thema-sprint1-afronden | B5: =SUMIFS(Backlog!$I:$I,Backlog!$L:$L,"*"&$A5&"*",Backlog!$P:$P,"Ja") | C5: =SUMIFS(Backlog!$J:$J,Backlog!$L:$L,"*"&$A5&"*",Backlog!$P:$P,"Ja")
A6: thema-proces-jira | B6: =SUMIFS(Backlog!$I:$I,Backlog!$L:$L,"*"&$A6&"*",Backlog!$P:$P,"Ja") | C6: =SUMIFS(Backlog!$J:$J,Backlog!$L:$L,"*"&$A6&"*",Backlog!$P:$P,"Ja")
A7: thema-doelgroeponderzoek | B7: =SUMIFS(Backlog!$I:$I,Backlog!$L:$L,"*"&$A7&"*",Backlog!$P:$P,"Ja") | C7: =SUMIFS(Backlog!$J:$J,Backlog!$L:$L,"*"&$A7&"*",Backlog!$P:$P,"Ja")
A8: thema-conceptkeuze | B8: =SUMIFS(Backlog!$I:$I,Backlog!$L:$L,"*"&$A8&"*",Backlog!$P:$P,"Ja") | C8: =SUMIFS(Backlog!$J:$J,Backlog!$L:$L,"*"&$A8&"*",Backlog!$P:$P,"Ja")
A9: thema-concept-uitwerken | B9: =SUMIFS(Backlog!$I:$I,Backlog!$L:$L,"*"&$A9&"*",Backlog!$P:$P,"Ja") | C9: =SUMIFS(Backlog!$J:$J,Backlog!$L:$L,"*"&$A9&"*",Backlog!$P:$P,"Ja")
A10: thema-haalbaarheid-prototype | B10: =SUMIFS(Backlog!$I:$I,Backlog!$L:$L,"*"&$A10&"*",Backlog!$P:$P,"Ja") | C10: =SUMIFS(Backlog!$J:$J,Backlog!$L:$L,"*"&$A10&"*",Backlog!$P:$P,"Ja")
A11: thema-ethiek-privacy | B11: =SUMIFS(Backlog!$I:$I,Backlog!$L:$L,"*"&$A11&"*",Backlog!$P:$P,"Ja") | C11: =SUMIFS(Backlog!$J:$J,Backlog!$L:$L,"*"&$A11&"*",Backlog!$P:$P,"Ja")
A12: thema-stakeholders | B12: =SUMIFS(Backlog!$I:$I,Backlog!$L:$L,"*"&$A12&"*",Backlog!$P:$P,"Ja") | C12: =SUMIFS(Backlog!$J:$J,Backlog!$L:$L,"*"&$A12&"*",Backlog!$P:$P,"Ja")
A13: thema-design-rationale | B13: =SUMIFS(Backlog!$I:$I,Backlog!$L:$L,"*"&$A13&"*",Backlog!$P:$P,"Ja") | C13: =SUMIFS(Backlog!$J:$J,Backlog!$L:$L,"*"&$A13&"*",Backlog!$P:$P,"Ja")
A14: thema-beeldmateriaal | B14: =SUMIFS(Backlog!$I:$I,Backlog!$L:$L,"*"&$A14&"*",Backlog!$P:$P,"Ja") | C14: =SUMIFS(Backlog!$J:$J,Backlog!$L:$L,"*"&$A14&"*",Backlog!$P:$P,"Ja")
A15: Totaal | B15: =SUM(B5:B14) | C15: =SUM(C5:C14)
A17: Capaciteit DS2a (gele cellen aanpassen)
A18: Aantal personen | B18: 4 | C18: Teamleden
A19: Projecturen per persoon per week | B19: 16 | C19: Aanname! Nog samen vaststellen (uitgeggaan van din/don)
A20: Buffer-factor | B20: 0.8 | C20: Ruimte voor ziekte, uitloop, onverwachte dingen etc.
A21: Werkweken DS2a | B21: 2 | C21: Week 41 en 42 (ma 5 okt – vr 16 okt)
A22: Beschikbare uren | B22: =B18*B19*B20*B21
A23: Gepland (uren) | B23: =C15
A24: Verschil (negatief = te vol) | B24: =B22-B23 | C24: Ok omdat..you know, er is een tweede helft.)

Sheet Labels
A1: Groep | B1: Labels | C1: Gebruik
A2: Werksoort | B2: onderzoek · ontwerp · prototype · test · documentatie · stakeholder · proces · beeld | C2: Wat voor werk is het?
A3: Deelvraag | B3: deelvraag-1 · deelvraag-2 · deelvraag-3 · deelvraag-4 · deelvraag-5 | C3: Koppeling aan de 5 deelvragen uit het onderzoeksplan (v0.6) = rode draad
A4: Ethiek | B4: ethiek | C4: Ethiek & privacy (eigen hoofdstuk in het plan, geen deelvraag)
A5: Concept | B5: concept-trein · concept-aihuisdier · concept-biometrie · concept-algemeen | C5: Welk concept? (na het beslismoment meteen zichtbaar)
A6: Doelgroep | B6: mbo · havo-vwo · propedeuse | C6: Voor welke doelgroep?
A7: Contactmoment | B7: schoolvoorlichting · open-dag · proefstuderen · keuzemoment | C7: Voor welk contactmoment?
A8: Rubric | B8: pr1 · pr2 · pr3 · pr4 · op1 · op2 · op3 | C8: Welk rubric-criterium bewijst dit ticket? (handig voor de DR!)
A9: Eindterm | B9: et1-kennis · et2-oordeel · et3-communicatie | C9: Dublin-descriptoren
A10: Deliverable | B10: del-designrationale · del-prototype · del-video · del-poster · del-beelden · del-projectbeschrijving | C10: Werk dat direct in een (eind)deliverable komt
A11: Status-extra | B11: blocked-extern · stretch · individueel | C11: Wachten op extern · alleen als er tijd over is · telt individueel
